Daily commit at Sat Jun 21 11:24:38 UTC 2025
Daily commit at Sat Jun 21 11:32:14 UTC 2025
Daily commit at Sat Jun 21 11:32:55 UTC 2025
Daily commit at Sat Jun 21 11:44:14 UTC 2025
Daily commit at Sun Jun 22 11:42:48 UTC 2025
Daily commit at Mon Jun 23 11:43:02 UTC 2025
Daily commit at Tue Jun 24 11:43:12 UTC 2025
Daily commit at Wed Jun 25 11:43:25 UTC 2025
Daily commit at Thu Jun 26 11:43:23 UTC 2025
Daily commit at Fri Jun 27 11:43:03 UTC 2025
Daily commit at Sat Jun 28 11:42:18 UTC 2025
Daily commit at Sun Jun 29 11:41:44 UTC 2025
Daily commit at Mon Jun 30 11:45:01 UTC 2025
Daily commit at Tue Jul  1 11:43:17 UTC 2025
Daily commit at Wed Jul  2 11:43:10 UTC 2025
Daily commit at Thu Jul  3 11:43:33 UTC 2025
Daily commit at Fri Jul  4 11:42:44 UTC 2025
Daily commit at Sat Jul  5 11:41:58 UTC 2025
Daily commit at Sun Jul  6 11:42:38 UTC 2025
Daily commit at Mon Jul  7 11:43:17 UTC 2025
Daily commit at Tue Jul  8 11:43:49 UTC 2025
Daily commit at Wed Jul  9 11:44:27 UTC 2025
Daily commit at Thu Jul 10 11:43:45 UTC 2025
Daily commit at Fri Jul 11 11:43:35 UTC 2025
Daily commit at Sat Jul 12 11:42:27 UTC 2025
Daily commit at Sun Jul 13 11:44:16 UTC 2025
Daily commit at Mon Jul 14 11:44:24 UTC 2025
Daily commit at Tue Jul 15 11:44:36 UTC 2025
Daily commit at Wed Jul 16 11:44:45 UTC 2025
Daily commit at Thu Jul 17 11:45:15 UTC 2025
Daily commit at Fri Jul 18 11:46:38 UTC 2025
Daily commit at Sat Jul 19 11:42:52 UTC 2025
Daily commit at Sun Jul 20 11:42:58 UTC 2025
Daily commit at Mon Jul 21 11:46:14 UTC 2025
Daily commit at Tue Jul 22 11:45:08 UTC 2025
Daily commit at Wed Jul 23 11:45:37 UTC 2025
Daily commit at Thu Jul 24 11:44:55 UTC 2025
Daily commit at Fri Jul 25 11:44:41 UTC 2025
Daily commit at Sat Jul 26 11:43:08 UTC 2025
Daily commit at Sun Jul 27 11:43:08 UTC 2025
Daily commit at Mon Jul 28 11:45:08 UTC 2025
Daily commit at Tue Jul 29 11:45:12 UTC 2025
Daily commit at Wed Jul 30 11:45:14 UTC 2025
Daily commit at Thu Jul 31 11:45:39 UTC 2025
Daily commit at Fri Aug  1 11:45:16 UTC 2025
Daily commit at Sat Aug  2 11:43:24 UTC 2025
Daily commit at Sun Aug  3 11:44:32 UTC 2025
Daily commit at Mon Aug  4 11:45:36 UTC 2025
Daily commit at Tue Aug  5 11:46:06 UTC 2025
Daily commit at Wed Aug  6 11:45:59 UTC 2025
Daily commit at Thu Aug  7 11:46:01 UTC 2025
Daily commit at Fri Aug  8 11:45:46 UTC 2025
Daily commit at Sat Aug  9 11:42:31 UTC 2025
Daily commit at Sun Aug 10 11:42:36 UTC 2025
Daily commit at Mon Aug 11 11:44:39 UTC 2025
Daily commit at Tue Aug 12 11:43:31 UTC 2025
Daily commit at Wed Aug 13 11:44:02 UTC 2025
Daily commit at Thu Aug 14 11:44:18 UTC 2025
Daily commit at Fri Aug 15 11:42:31 UTC 2025
Daily commit at Sat Aug 16 11:41:15 UTC 2025
Daily commit at Sun Aug 17 11:41:34 UTC 2025
Daily commit at Mon Aug 18 11:44:25 UTC 2025
Daily commit at Tue Aug 19 11:42:01 UTC 2025
Daily commit at Wed Aug 20 11:42:23 UTC 2025
Daily commit at Thu Aug 21 11:41:29 UTC 2025
Daily commit at Fri Aug 22 11:41:27 UTC 2025
Daily commit at Sat Aug 23 11:40:53 UTC 2025
Daily commit at Sun Aug 24 11:40:40 UTC 2025
Daily commit at Mon Aug 25 11:42:15 UTC 2025
Daily commit at Tue Aug 26 11:42:18 UTC 2025
Daily commit at Wed Aug 27 11:40:50 UTC 2025
Daily commit at Thu Aug 28 11:41:16 UTC 2025
Daily commit at Fri Aug 29 11:41:11 UTC 2025
Daily commit at Sat Aug 30 11:40:24 UTC 2025
Daily commit at Sun Aug 31 11:40:25 UTC 2025
Daily commit at Mon Sep  1 11:41:44 UTC 2025
Daily commit at Tue Sep  2 11:41:02 UTC 2025
Daily commit at Wed Sep  3 11:40:52 UTC 2025
Daily commit at Thu Sep  4 11:40:26 UTC 2025
Daily commit at Fri Sep  5 11:40:40 UTC 2025
Daily commit at Sat Sep  6 11:40:12 UTC 2025
Daily commit at Sun Sep  7 11:40:16 UTC 2025
Daily commit at Mon Sep  8 11:41:04 UTC 2025
Daily commit at Tue Sep  9 11:41:11 UTC 2025
Daily commit at Wed Sep 10 11:41:07 UTC 2025
Daily commit at Thu Sep 11 11:40:48 UTC 2025
Daily commit at Fri Sep 12 11:40:38 UTC 2025
Daily commit at Sat Sep 13 11:40:00 UTC 2025
Daily commit at Sun Sep 14 11:40:10 UTC 2025
Daily commit at Mon Sep 15 11:41:03 UTC 2025
Daily commit at Tue Sep 16 11:40:57 UTC 2025
Daily commit at Wed Sep 17 11:40:45 UTC 2025
Daily commit at Thu Sep 18 11:40:58 UTC 2025
Daily commit at Fri Sep 19 11:41:07 UTC 2025
Daily commit at Sat Sep 20 11:40:13 UTC 2025
Daily commit at Sun Sep 21 11:40:39 UTC 2025
Daily commit at Mon Sep 22 11:41:14 UTC 2025
Daily commit at Tue Sep 23 11:40:58 UTC 2025
Daily commit at Wed Sep 24 11:41:06 UTC 2025
Daily commit at Thu Sep 25 11:40:58 UTC 2025
Daily commit at Fri Sep 26 11:40:56 UTC 2025
Daily commit at Sat Sep 27 11:40:02 UTC 2025
Daily commit at Sun Sep 28 11:40:20 UTC 2025
Daily commit at Mon Sep 29 11:41:32 UTC 2025
Daily commit at Tue Sep 30 11:41:33 UTC 2025
Daily commit at Wed Oct  1 11:41:09 UTC 2025
Daily commit at Thu Oct  2 11:40:15 UTC 2025
Daily commit at Fri Oct  3 11:40:12 UTC 2025
Daily commit at Sat Oct  4 11:40:33 UTC 2025
Daily commit at Sun Oct  5 11:40:29 UTC 2025
Daily commit at Mon Oct  6 11:40:38 UTC 2025
Daily commit at Tue Oct  7 11:41:31 UTC 2025
Daily commit at Wed Oct  8 11:41:05 UTC 2025
Daily commit at Thu Oct  9 11:41:27 UTC 2025
Daily commit at Fri Oct 10 11:40:59 UTC 2025
Daily commit at Sat Oct 11 11:40:31 UTC 2025
Daily commit at Sun Oct 12 11:40:14 UTC 2025
Daily commit at Mon Oct 13 11:41:06 UTC 2025
Daily commit at Tue Oct 14 11:41:07 UTC 2025
Daily commit at Wed Oct 15 11:41:19 UTC 2025
Daily commit at Thu Oct 16 11:41:25 UTC 2025
Daily commit at Fri Oct 17 11:41:18 UTC 2025
Daily commit at Sat Oct 18 11:40:06 UTC 2025
Daily commit at Sun Oct 19 11:40:16 UTC 2025
Daily commit at Mon Oct 20 11:41:19 UTC 2025
Daily commit at Tue Oct 21 11:41:18 UTC 2025
Daily commit at Wed Oct 22 11:42:29 UTC 2025
Daily commit at Thu Oct 23 11:41:54 UTC 2025
Daily commit at Fri Oct 24 11:41:51 UTC 2025
Daily commit at Sat Oct 25 11:40:19 UTC 2025
Daily commit at Sun Oct 26 11:40:46 UTC 2025
Daily commit at Mon Oct 27 11:42:17 UTC 2025
Daily commit at Tue Oct 28 11:41:03 UTC 2025
Daily commit at Wed Oct 29 11:42:15 UTC 2025
Daily commit at Thu Oct 30 11:41:57 UTC 2025
Daily commit at Fri Oct 31 11:41:16 UTC 2025
Daily commit at Sat Nov  1 11:40:13 UTC 2025
Daily commit at Sun Nov  2 11:40:23 UTC 2025
Daily commit at Mon Nov  3 11:41:47 UTC 2025
Daily commit at Tue Nov  4 11:43:06 UTC 2025
Daily commit at Wed Nov  5 11:42:45 UTC 2025
Daily commit at Thu Nov  6 11:42:38 UTC 2025
Daily commit at Fri Nov  7 11:42:05 UTC 2025
Daily commit at Sat Nov  8 11:40:35 UTC 2025
Daily commit at Sun Nov  9 11:40:25 UTC 2025
Daily commit at Mon Nov 10 11:42:26 UTC 2025
Daily commit at Tue Nov 11 11:43:07 UTC 2025
Daily commit at Wed Nov 12 11:43:02 UTC 2025
Daily commit at Thu Nov 13 11:42:11 UTC 2025
Daily commit at Fri Nov 14 11:41:53 UTC 2025
Daily commit at Sat Nov 15 11:40:40 UTC 2025
Daily commit at Sun Nov 16 11:40:34 UTC 2025
Daily commit at Mon Nov 17 11:42:39 UTC 2025
Daily commit at Tue Nov 18 11:42:54 UTC 2025
Daily commit at Wed Nov 19 11:42:34 UTC 2025
Daily commit at Thu Nov 20 11:41:55 UTC 2025
Daily commit at Fri Nov 21 11:41:04 UTC 2025
Daily commit at Sat Nov 22 11:40:05 UTC 2025
Daily commit at Sun Nov 23 11:40:51 UTC 2025
Daily commit at Mon Nov 24 11:43:22 UTC 2025
Daily commit at Tue Nov 25 11:43:43 UTC 2025
Daily commit at Wed Nov 26 11:43:04 UTC 2025
Daily commit at Thu Nov 27 11:42:38 UTC 2025
Daily commit at Fri Nov 28 11:42:19 UTC 2025
Daily commit at Sat Nov 29 11:41:13 UTC 2025
Daily commit at Sun Nov 30 11:41:00 UTC 2025
Daily commit at Mon Dec  1 11:43:44 UTC 2025
Daily commit at Tue Dec  2 11:44:09 UTC 2025
Daily commit at Wed Dec  3 11:44:28 UTC 2025
Daily commit at Thu Dec  4 11:43:57 UTC 2025
Daily commit at Fri Dec  5 11:42:50 UTC 2025
Daily commit at Sat Dec  6 11:41:05 UTC 2025
Daily commit at Sun Dec  7 11:40:41 UTC 2025
Daily commit at Mon Dec  8 11:44:21 UTC 2025
Daily commit at Tue Dec  9 11:43:55 UTC 2025
Daily commit at Wed Dec 10 11:44:06 UTC 2025
Daily commit at Thu Dec 11 11:44:48 UTC 2025
Daily commit at Fri Dec 12 11:44:27 UTC 2025
Daily commit at Sat Dec 13 11:41:04 UTC 2025
Daily commit at Sun Dec 14 11:41:09 UTC 2025
Daily commit at Mon Dec 15 11:44:21 UTC 2025
Daily commit at Tue Dec 16 11:45:03 UTC 2025
Daily commit at Wed Dec 17 11:44:38 UTC 2025
Daily commit at Thu Dec 18 11:44:45 UTC 2025
Daily commit at Fri Dec 19 11:43:38 UTC 2025
Daily commit at Sat Dec 20 11:41:53 UTC 2025
Daily commit at Sun Dec 21 11:41:53 UTC 2025
Daily commit at Mon Dec 22 11:43:26 UTC 2025
Daily commit at Tue Dec 23 11:44:27 UTC 2025
